name,instagram
Aaron Gordon,aarongordon
Bam Adebayo,bam1of1
Jordan Goodwin,jgood_0
Josh Green,joshgreen
LeBron James,kingjames
Precious Achiuwa,precious
Stephen Curry,stephencurry30
Steven Adams,stevenadams
Jalen Green,jalen
Javonte Green,savagewoo2
Jeff Green,nini__green
Kam Jones,bucketfamkam
Spencer Jones,_spencerjones
Tre Jones,trejones03
Tyus Jones,1tyus
David Jones Garcia,davidj8nes
Derrick Jones Jr.,therea1djones
DeAndre Jordan,deandre
Nikola Jović,nikolajovicc
Ryan Kalkbrenner,11ryank
Yuki Kawamura,kawamurayuki_8
Trevor Keels,trevorkeels
Miles Kelly,miles5kelly
Luke Kennard,lukekennard5
Davion Mitchell,davionmitchell
Donovan Mitchell,spidadmitchell
Evan Mobley,evanmobley4
Jonathan Mogbo,jnathan.1
Malik Monk,ahmad_monk
Moses Moody,mosesmoody
Wendell Moore Jr.,thewendellmoore
Alex Morales,alex_morales6_
Ja Morant,jamorant
Trey Murphy III,treymurphy
Dejounte Murray,dejountemurray
Jamal Murray,jmglitxh27
Keegan Murray,_keeganmurray
Kris Murray,krismurray__
Collin Murray-Boyles,30murrayjr
Svi Mykhailiuk,sviat_10
Rayan Rupert,rups_12
D'Angelo Russell,dloading
Domantas Sabonis,dsabonis11
Tidjane Salaün,tidjane.sln
Kobe Sanders,thek3_
Gui Santos,guisantos_4
Ben Saraf,ben_saraf2
Alex Sarr,alexsarr
Marcus Sasser,m.sasser0
Baylor Scheierman,baylorrr3
Dennis Schröder,ds17_fg
Alperen Sengun,alperen.sengun
Brice Sensabaugh,babysensa
Collin Sexton,collinyoungbull
Landry Shamet,landryshamet
Terrence Shannon Jr.,sn1pert
Day'Ron Sharpe,d.sharpe23
Shaedon Sharpe,shaedonsharpe
Jamal Shead,jshead
Ben Sheppard,benlsheppard
Reed Sheppard,reedsheppard3
Jordan Walsh,jordanwalshlife
Ja'Kobe Walter,_wubbs
Kel'el Ware,kelelware_
P.J. Washington,pjwashington
TyTy Washington Jr.,tytywashington3
Lindy Waters III,lindywatersiii
Trendon Watford,trendonw
Jamir Watkins,jamirwatkins
Peyton Watson,peytonwatson
Jaylen Wells,jaylenwellss
Victor Wembanyama,wemby
Blake Wesley,theblakewesley
Russell Westbrook,russwest44
Coby White,cobywhite
Derrick White,dwhite921
Cam Whitmore,camwhitmore
Aaron Wiggins,a.wigg
Andrew Wiggins,22wiggins
Alondes Williams,butterboy_manman
Amari Williams,amariwillixms
Brandon Williams,branwilliams
Cody Williams,codywilliams1011
Grant Williams,grantwill2
Jalen Williams,jalenjdubwilliams
Jaylin Williams,jaylinwilliams
Ochai Agbaji,youngoch
Santi Aldama,santialdama
Trey Alexander,thetreyalexander
Nickeil Alexander-Walker,
Grayson Allen,graysonjallen
Jarrett Allen,_bigjayy_
Jose Alvarado,therealgta
Kyle Anderson,teamslowmo
Alex Antetokounmpo,alex_ante29
Giannis Antetokounmpo,Giannis_An34
Thanasis Antetokounmpo,thanasis_ante43
Cole Anthony,the_cole.anthony
OG Anunoby,oanunoby
Deni Avdija,deniavdia8
Deandre Ayton,deandreayton
Marvin Bagley III,mb3five
Ace Bailey,acebailey
LaMelo Ball,melo
Paolo Banchero,paolo5
Desmond Bane,_dbane1
Dalano Banton,_dubberdon
Dominick Barlow,showtime.dominick
Harrison Barnes,hbarnes
Scottie Barnes,ya.boy.scottie
Brooks Barnhizer,brooksbarnhizer
RJ Barrett,RJBarrett
Tamar Bates,tamarbates
Jamison Battle,battletime10
Nicolas Batum,nicbatum88
Bradley Beal,bradbeal3
MarJon Beauchamp,justmarjon
Joan Beringer,joanbrg1
Saddiq Bey,saddiq.bey
Goga Bitadze,gogabitadze
Bismack Biyombo,bismackbiyombo
Anthony Black,anthonyblack
Buddy Boeheim,buddy_boeheim
Bogdan Bogdanović,bogdanbogdanovic
Adem Bona,adem_bona
Devin Booker,dbook
Jamaree Bouyea,bouyea.ycl
Christian Braun,christianxbraun
Koby Brea,kobybrea
Mikal Bridges,mikalbridges
Miles Bridges,milesbridges
Dillon Brooks,dillonbrooks24
Johni Broome,j.4.broome
Bruce Brown,brucebrown
Darius Brown,sirdariusbrown
Jaylen Brown,fchwpo
Kobe Brown,kobebrown
Jalen Brunson,jalenbrunson1
Carter Bryant,carterdbryant
Thomas Bryant,nolimittb
Kobe Bufkin,bufkin
Jimmy Butler III,jimmybutler
Matas Buzelis,matasbuzelis
Jamal Cain,jamalcain1_
Kentavious Caldwell-Pope,
Toumani Camara,toomanybucketss
Clint Capela,ccapela15
Dylan Cardwell,thedylancardwell
Branden Carlson,branden_carlson35
Bub Carrington,noigbub
Devin Carter,devin.carter_
Jevon Carter,nextlevel_03
Wendell Carter Jr.,wendellcarterjr
Alex Caruso,acfresh21
Stephon Castle,stephcastle
Colin Castleton,castleton_
Julian Champagnie,jujuchampagnie
Justin Champagnie,jchampagnie
Cam Christie,_cameronchristie_
Max Christie,mchristiejr
Moussa Cisse,moussacisse33
Nic Claxton,nicclaxton
Walter Clayton Jr.,w.cjr
Nique Clifford,otn_nique
Donovan Clingan,donovanclingan
Noah Clowney,noahclowney
Amir Coffey,coffeyshop_
Isaiah Collier,isaiahcollier
John Collins,jcollins20_
Zach Collins,zachcollins_33
Mike Conley,mac11
Pat Connaughton,patconnaughton
Javonte Cooke,vont3c
Sharife Cooper,sharife.cooper
Bilal Coulibaly,bilal.clby
Cedric Coward,cedriccoward
Isaiah Crawford,zaay.crawf
LJ Cryer,ljcryer
Cade Cunningham,cadecunn1ngham
Seth Curry,sdotcurry
Pacôme Dadiet,pax_1_
Dyson Daniels,dysondaniels
Anthony Davis,antdavis23
JD Davison,jdavison02
DeMar DeRozan,demar_derozan
RayJ Dennis,rayjdennis10
Donte DiVincenzo,_dontedivincenzo
Moussa Diabaté,m0ussadiabate
Mohamed Diawara,mo_dwra
Gradey Dick,gradey
Hunter Dickinson,hunter.dickinson1
Ousmane Dieng,ousmane11_
Rob Dillingham,robwitdashifts
Luka Dončić,lukadoncic
Luguentz Dort,luthebeast
Ayo Dosunmu,ayodos_11
Andre Drummond,Drummond
Kris Dunn,krisdunn3
Ryan Dunn,almighty_ry3
Kevin Durant,easymoneysniper
Jalen Duren,jalenduren
Egor Dëmin,3gorr
Tari Eason,tarieason
Zach Edey,zach_edey
VJ Edgecombe,vj.edgecombe
Anthony Edwards,theanthonyedwards_
Justin Edwards,justinedwards
Keon Ellis,kkeon4
Joel Embiid,joelembiid
Tristan Enaruna,kiddtris
Noa Essengue,noa_esg12
Tyson Etienne,thetysonetienne
Drew Eubanks,drewdatower
Tosan Evbuomwan,tosanevbuomwan
Jeremiah Fears,_jeremiahfears
Kyle Filipowski,kyleflip
Dorian Finney-Smith,doedoe_10
Cooper Flagg,cooper_flagg
Rasheer Fleming,rasheerfleming
Simone Fontecchio,simofonte_
De'Aaron Fox,swipathefox
Enrique Freeman,enriquefreeman_
Johnny Furphy,johnnyfurphy
Daniel Gafford,big.dandan
Myron Gardner,myrongardner16
Darius Garland,dariusgarland
Luka Garza,lgarza_55
Keyonte George,keyonte1george
Kyshawn George,kyshawn_george
Paul George,ygtrece
Josh Giddey,joshgiddey
Shai Gilgeous-Alexander,shai
Anthony Gill,anthonygill36
Collin Gillespie,collingillespie
Rudy Gobert,rudygobert27
Vladislav Goldin,vgoldin__50
Hugo González,hugoglezz_
Quentin Grimes,qdotgrimes
Mouhamed Gueye,mefgueye
Rui Hachimura,rui_8mura
Tyrese Haliburton,tyresehaliburton
PJ Hall,pjhall_24
Tim Hardaway Jr.,timjr
James Harden,jharden13
Jaden Hardy,jhardy
Elijah Harkless,elijahharkless
Dylan Harper,dylharpp
Ron Harper Jr.,ron.harper.jr
Gary Harris,thats_g_
Tobias Harris,tobiasharris
Josh Hart,jhart
Isaiah Hartenstein,ipjh55
Sam Hauser,sam.hauser_
Jordan Hawkins,imjordanhawkins
Jaxson Hayes,jaxsonhayes
Scoot Henderson,thereal0_
Taylor Hendricks,taylorxhendricks
Chucky Hepburn,chucky.hepburn
Tyler Herro,nolimitherro
Buddy Hield,Buddylove
Haywood Highsmith,haywoodjr24
Blake Hinson,blakehinson
Aaron Holiday,the_4th_holiday
Jrue Holiday,jrue_holiday11
Ronald Holland II,_ronhoops
DaRon Holmes II,daron815
Chet Holmgren,chet_holmgren
Al Horford,alhorford
Caleb Houstan,_caleb_houstan
Jett Howard,jetthoward
Kevin Huerter,kevin_huerter
Jay Huff,jay.huff.142
Ariel Hukporti,arielhukporti
De'Andre Hunter,drehunter
Bones Hyland,bizzybones
Oso Ighodaro,oso_i
Joe Ingles,_get_jingled_
Brandon Ingram,1ngram4
Harrison Ingram,harrison.ingram
Kyrie Irving,kyrieirving
Jonathan Isaac,jonisaac_01
Jaden Ivey,1poisonivey3
GG Jackson,gregupnxt
Isaiah Jackson,isaiahjackson22
Quenton Jackson,flyguyq
Andre Jackson Jr.,andrejacksonjr_
Jaren Jackson Jr.,jaren
Trayce Jackson-Davis,trayce.jackson
Kasparas Jakučionis,kaspa_32
Bronny James,Bronny
Sion James,sionjames14
Jaime Jaquez Jr.,trippplej
Trey Jemison III,tallt_23
Daniss Jenkins,djenkinss5
Ty Jerome,tyjerome_
Isaiah Joe,zai.joe1
AJ Johnson,theajzone
Cameron Johnson,camjohnson23
Chaney Johnson,_cjohn_
Jalen Johnson,jalenjohnson
Keldon Johnson,keldonjohnson
Keshad Johnson,kj_showtime0
Tre Johnson,iamtre20
Nikola Jokić,jokicnikolaofficial
Curtis Jones,curtisjones
Dillon Jones,dillonthebiologist
Herbert Jones,yung.ch0
Isaac Jones,i.jonez
Walker Kessler,kidkessler
Corey Kispert,ckis24
Maxi Kleber,maximilian.kleber
Bobi Klintman,bobiklintman
Dalton Knecht,daltonknecht
Kon Knueppel,kon2knueppel
Tyler Kolek,tyler_kolek
Christian Koloko,cjkoloko
John Konchar,konchar
Luke Kornet,luke_.kornet
Vít Krejčí,vitaa_krejci
Jonathan Kuminga,jonathan_kuminga
Kyle Kuzma,kuz
Jake LaRavia,jakelaravia
Zach LaVine,zachlavine8
Jock Landale,jocklandale
Chaz Lanier,swaggychaz
Pelle Larsson,pellelarsson_
A.J. Lawson,ajlawson
Caris LeVert,carislevert
Kawhi Leonard,kawhisklawset
Malevy Leons,malevyleons
E.J. Liddell,ejliddell
Damian Lillard,damianlillard
Dereck Lively II,popular
Isaiah Livers,isaiah_livers
Kevon Looney,looney
Brook Lopez,brooklopez_
Caleb Love,caleb
Kevin Love,kevinlove
Kyle Lowry,kyle_lowry7
Khaman Maluach,khaman_maluach
Sandro Mamukelashvili,ma23mu
Terance Mann,terance
Tre Mann,treshaunmann
Lauri Markkanen,laurimarkkanen
Naji Marshall,najimarshall
Alijah Martin,alijahmartin15
Caleb Martin,caleb_martin10
Tyrese Martin,resemartin
Jahmai Mashack,jmash.21
Bennedict Mathurin,bennedict
Karlo Matković,karlo.matkovic
Tyrese Maxey,tyresemaxey
Chris Mañon,chris30manon
Miles McBride,deucemcb11
Jared McCain,jmac
Mac McClung,macmcclung37
CJ McCollum,3jmccollum
T.J. McConnell,tjmcconnell
Kevin McCullar Jr.,kevinmccullarjr
Jaden McDaniels,therealjadenmcdaniels
Doug McDermott,dougmcd03
Bryce McGowens,bryce.mcgowens
Jordan McLaughlin,itsmclaughlin11
Liam McNeeley,liammcneeley
De'Anthony Melton,deanthonymelton
Sam Merrill,smerrill05
Khris Middleton,k_mid22
Brandon Miller,brandonmilller
Emanuel Miller,Eman.miller
Jordan Miller,jordanmi11er
Leonard Miller,leonard.m11
Riley Minix,riley.minix
Josh Minott,jday.8
Yves Missi,yves.missi
Ajay Mitchell,thatboyjay_3
Pete Nance,peteln22
Larry Nance Jr.,larrydn7
Andrew Nembhard,andrew.nembhard
Ryan Nembhard,rnembhard0
Aaron Nesmith,aaron_nesmith
Asa Newell,asanewell
Tristen Newton,tristen.newton
Yanic Konan Niederhäuser,
Zeke Nnaji,zekennaji
Jusuf Nurkić,bosnianbeast27
Royce O'Neale,rolls_royce00
Josh Okogie,callme_nonstop
Onyeka Okongwu,big0
Isaac Okoro,isaacokoro
Lachlan Olbrich,lachlanolbr
Kelly Olynyk,kellyolynyk
Norchad Omier,norchad_omier
Kelly Oubre Jr.,kellyoubrejr
Cameron Payne,campayne5
Gary Payton II,garydwayne
Micah Peavy,mjpv5
Sean Pedulla,chef_sean24
Noah Penda,p9nd3
Taelon Peter,taepeter2
Julian Phillips,ju1ianphillips
Jalen Pickett,j.pick.22
Scotty Pippen Jr.,spippenjr
Daeqwon Plowden,_dae29
Mason Plumlee,masonplumlee
Brandin Podziemski,iab_podz
Jakob Poeltl,jakobpoetl
Jordan Poole,jordan_poole
Craig Porter Jr.,cpeezy3m
Kevin Porter Jr.,kevinporterjr
Michael Porter Jr.,mpj
Bobby Portis,bportistime
Kristaps Porziņģis,kporzee
Quinten Post,quintenpost_
Micah Potter,bigjam_23
Drake Powell,drakepoww
Dwight Powell,dwightpowell
Norman Powell,normanpowell4
Taurean Prince,taureanprince
Payton Pritchard,paytonpritch3
Tyrese Proctor,tyrese4proctor
Olivier-Maxence Prosper,omaxprosper
Derik Queen,theederikqueen
Neemias Queta,neemy88
Immanuel Quickley,immanuelquickley__
Julius Randle,juliusrandle30
Maxime Raynaud,maxime.raynaud_
Austin Reaves,austinreaves12
Paul Reed,bball_paul
Antonio Reeves,tonioreeves
Naz Reid,hollywood.naz
Will Richard,willrxch
Nick Richards,nickrichards_
Jase Richardson,jaserich4
Will Riley,willyjball7
Zaccharie Risacher,_zacch_10
Duncan Robinson,d_bo20
Mitchell Robinson,mrobinson23_
Ryan Rollins,_moneyballry
Terry Rozier,gmbrozier
Max Shulga,maxshulga_
Pascal Siakam,pskills43
Anfernee Simons,antsimons
KJ Simpson,simpson_kj
Jericho Sims,jumpmansims
Javon Small,javon_small
Marcus Smart,youngamechanger
Dru Smith,dru_smith
Jalen Smith,thejalen_smith
Tolu Smith,t0lu_
Jabari Smith Jr.,jabarismithjr
Nick Smith Jr.,lif3nick
Jeremy Sochan,jeremysochan
Thomas Sorber,thomas.sorber
Cam Spencer,cam.spncer
Pat Spencer,pat_spencer
Isaiah Stevens,isaiahstevens4
Isaiah Stewart,the.isaiahstewart
Julian Strawther,julianstrawther
Max Strus,maxstrus
Jalen Suggs,jalensuggs
Jae'Sean Tate,strictlytate
Jayson Tatum,jaytatum0
Garrett Temple,gtemp17
Dalen Terry,dalen
Adou Thiero,adou_thiero
Cam Thomas,popular
Amen Thompson,amen.thompson
Ausar Thompson,ausarthompson
Ethan Thompson,ethan_thompson5
Klay Thompson,klaythompson
Matisse Thybulle,theycallmetisse
Xavier Tillman,xavier_tillman23
Drew Timme,drew_timme2
Nae'Qwan Tomlin,naeqwantomlin
John Tonje,johntonje
Nikola Topić,nikola14topic
Obi Toppin,obitoppin_1
Karl-Anthony Towns,karltowns
Nolan Traore,nolan_traore0
Gary Trent Jr.,gtrentjr
Oscar Tshiebwe,oscar_tshiebwe
Myles Turner,turner_myles
Jaylon Tyson,jaylontyson_
Stanley Umude,stanleyumude
Jonas Valančiūnas,jvalanciunas
Fred VanVleet,fredvanvleet
Jarred Vanderbilt,jvando_
Devin Vassell,devin_vassell
Gabe Vincent,iamgabevincent2
Tristan Vukcevic,vukcevic
Nikola Vučević,nikola_.vucevic
Dean Wade,deanwade32
Franz Wagner,franz_weasley
Moritz Wagner,moritz_weasley
Jabari Walker,jabariwalker
Jarace Walker,jarace
Cason Wallace,cason.wallace
Keaton Wallace,keatonjwallace
Kenrich Williams,kenrich_williams
Mark Williams,markwilliams
Nate Williams,nategroove
Patrick Williams,patrickwilliams18
Ziaire Williams,ziaire
Robert Williams III,williams.lll
Vince Williams Jr.,vincewilliamsjr
Zion Williamson,zionwilliamson
Jalen Wilson,thejalenwilson
Danny Wolf,dannywolf
Guerschon Yabusele,guerschon__
Yang Hansen,hanseny_11
Jahmir Young,jahm1ryoung
Trae Young,traeyoung
Rocco Zikarsky,roccozikarsky
Ivica Zubac,ivicazubac
Tristan da Silva,tristan.da.silva
Sidy Cissoko,iamcissoko
Jaylen Clark,jaylen.clark
Brandon Clarke,brandon_clarke23
Jordan Clarkson,jordanclarksons
Jerami Grant,jeramigrant
AJ Green,ajgreen_18
Draymond Green,money23green
